algo,seed,timesteps,pct_of_training,wall_clock_min,success_rate_within_time_fraction,reached_at_all_rate,avg_steps_to_reach,avg_final_distance,avg_min_distance
ddpg,0,25000,2.5,1.975,0.0,0.0,,0.22598885393294715,0.2259759408441444
ddpg,0,50000,5.0,5.233333333333333,0.0,0.0,,0.22688422811320125,0.22688422811320125
ddpg,0,75000,7.5,8.483333333333333,0.0,0.0,,0.24480349800764847,0.20741130190704973
ddpg,0,100000,10.0,11.9,0.0,0.0,,0.19952234397403087,0.1981210930176372
ddpg,0,125000,12.5,15.466666666666667,0.0,0.0,,0.222627271171649,0.2094640052521984
ddpg,0,150000,15.0,19.033333333333335,0.0,0.0,,0.19983075792544175,0.18804106770681778
ddpg,0,175000,17.5,22.608333333333334,0.0,0.0,,0.17914103359387518,0.17812738630805897
ddpg,0,200000,20.0,26.183333333333334,0.0,0.0,,0.15982917306207978,0.15852041428459615
ddpg,0,225000,22.5,29.741666666666667,0.0,0.0,,0.15652429602415882,0.15652382986809846
ddpg,0,250000,25.0,33.31666666666667,0.1,0.1,54.0,0.20218623650408926,0.16501070786103297
ddpg,0,275000,27.5,36.86666666666667,0.0,0.0,,0.09881572873902067,0.0920245501058353
ddpg,0,300000,30.0,40.483333333333334,0.2,0.2,93.5,0.0865453592501251,0.06676217682849964
ddpg,0,325000,32.5,44.15833333333333,0.0,0.0,,0.14624690494831877,0.13825900029539692
ddpg,0,350000,35.0,47.8,0.0,0.0,,0.0737803251665187,0.06366431890541355
ddpg,0,375000,37.5,51.43333333333333,0.0,0.0,,0.09308209392615825,0.08528963684344786
ddpg,0,400000,40.0,55.06666666666667,0.0,0.0,,0.1404448617526825,0.12954871339500404
ddpg,0,425000,42.5,58.78333333333333,0.0,0.0,,0.18125442814156945,0.17918206647338414
ddpg,0,450000,45.0,62.483333333333334,0.1,0.1,95.0,0.07259811036202055,0.060689277890784744
ddpg,0,475000,47.5,66.23333333333333,0.0,0.0,,0.10882383002149627,0.08765704163176456
ddpg,0,500000,50.0,69.95,0.0,0.0,,0.11483355839013512,0.11271231536154955
ddpg,0,525000,52.5,73.66666666666667,0.0,0.0,,0.1454434122570886,0.13347958223258366
ddpg,0,550000,55.0,77.48333333333333,0.0,0.0,,0.08098256180883259,0.07902080933797516
ddpg,0,575000,57.5,81.16666666666667,0.4,0.4,89.0,0.050735048104439365,0.04471599040944419
ddpg,0,600000,60.0,84.85,0.1,0.1,71.0,0.12325329728320551,0.10939895550450689
ddpg,0,625000,62.5,88.5,0.0,0.0,,0.11845395225588844,0.10808475637766919
ddpg,0,650000,65.0,92.16666666666667,0.4,0.4,81.5,0.05546256102560939,0.044797444526845406
ddpg,0,675000,67.5,95.76666666666667,0.0,0.0,,0.22382490938404512,0.2167201916111884
ddpg,0,700000,70.0,99.48333333333333,0.1,0.1,90.0,0.15901991702702128,0.12534306494262779
ddpg,0,725000,72.5,103.26666666666667,0.3,0.3,66.66666666666667,0.10987902349524312,0.07747480679622981
ddpg,0,750000,75.0,107.03333333333333,0.0,0.0,,0.18534924341498232,0.16053290030483622
ddpg,0,775000,77.5,110.81666666666666,0.1,0.1,92.0,0.08844235449696296,0.07840203101522815
ddpg,0,800000,80.0,114.63333333333334,0.0,0.0,,0.1298419654744492,0.12448290988866646
ddpg,0,825000,82.5,118.36666666666666,0.0,0.0,,0.12309525471149863,0.12264436202277669
ddpg,0,850000,85.0,122.0,0.0,0.0,,0.1268476518891458,0.09241480784746578
ddpg,0,875000,87.5,125.66666666666667,0.1,0.1,64.0,0.10569468453402878,0.10167947570940972
ddpg,0,900000,90.0,129.33333333333334,0.0,0.0,,0.09592103140015079,0.08006536322885396
ddpg,0,925000,92.5,133.03333333333333,0.0,0.0,,0.12949605396296174,0.09759346117440569
ddpg,0,950000,95.0,136.68333333333334,0.0,0.0,,0.11976456212365058,0.11161119780916291
ddpg,0,975000,97.5,140.4,0.1,0.1,100.0,0.08603971320607434,0.07808572938545295
ddpg,0,1000000,100.0,144.06666666666666,0.0,0.0,,0.12716235428235084,0.12716235428235084
ddpg,1,25000,2.5,1.9916666666666667,0.0,0.0,,0.23043741036717522,0.22597033940377398
ddpg,1,50000,5.0,5.283333333333333,0.0,0.0,,0.22905893536880823,0.22523954686655084
ddpg,1,75000,7.5,8.541666666666666,0.0,0.0,,0.2289093255976559,0.2255735758559018
ddpg,1,100000,10.0,11.966666666666667,0.0,0.0,,0.23772285596958936,0.216274291053153
ddpg,1,125000,12.5,15.583333333333334,0.0,0.0,,0.15747267443804294,0.15543589182920753
ddpg,1,150000,15.0,19.15,0.0,0.0,,0.20091921190523016,0.18903658363781345
ddpg,1,175000,17.5,22.766666666666666,0.0,0.0,,0.2287636292546992,0.22343366596385347
ddpg,1,200000,20.0,26.4,0.0,0.0,,0.22688422811320125,0.22688422811320125
ddpg,1,225000,22.5,29.941666666666666,0.0,0.0,,0.21211961499591916,0.1794059802228697
ddpg,1,250000,25.0,33.5,0.0,0.0,,0.13909654711086555,0.1390854625704449
ddpg,1,275000,27.5,37.13333333333333,0.0,0.0,,0.1641064947346345,0.14513532593244727
ddpg,1,300000,30.0,40.8,0.1,0.1,96.0,0.06515423554300634,0.0640262677970042
ddpg,1,325000,32.5,44.45,0.3,0.3,77.0,0.08673273387566859,0.08138189454073615
ddpg,1,350000,35.0,48.15,0.2,0.2,73.0,0.12861813815612283,0.1079902568825581
ddpg,1,375000,37.5,51.75,0.1,0.1,43.0,0.08860505186065191,0.07961470579420933
ddpg,1,400000,40.0,55.43333333333333,0.0,0.0,,0.1052464547897427,0.10513355745620853
ddpg,1,425000,42.5,59.11666666666667,0.2,0.2,75.5,0.11256125679018059,0.09767686075074879
ddpg,1,450000,45.0,62.86666666666667,0.2,0.2,79.5,0.04233828876640944,0.04125024531886417
ddpg,1,475000,47.5,66.575,0.3,0.3,81.33333333333333,0.09319469299456493,0.08255628182050817
ddpg,1,500000,50.0,70.31666666666666,0.1,0.1,93.0,0.08902936321289132,0.07098987772664614
ddpg,1,525000,52.5,74.05833333333334,0.1,0.1,80.0,0.09846011256853861,0.08121758652469899
ddpg,1,550000,55.0,77.85,0.1,0.1,78.0,0.06074957262362646,0.05828694360434761
ddpg,1,575000,57.5,81.51666666666667,0.2,0.2,71.5,0.04914002262983142,0.04563619097865839
ddpg,1,600000,60.0,85.25,0.1,0.1,57.0,0.09810183178121504,0.0907020885184321
ddpg,1,625000,62.5,88.88333333333334,0.1,0.1,71.0,0.06552243398742227,0.062440465738713244
ddpg,1,650000,65.0,92.58333333333333,0.2,0.2,68.5,0.07158370090456453,0.05370838908813054
ddpg,1,675000,67.5,96.23333333333333,0.3,0.3,86.0,0.03118194293218956,0.03027771127028806
ddpg,1,700000,70.0,100.0,0.0,0.0,,0.09803446685732879,0.080150139923153
ddpg,1,725000,72.5,103.89166666666667,0.0,0.0,,0.09391804803669383,0.0896149210784398
ddpg,1,750000,75.0,107.76666666666667,0.0,0.0,,0.09668726450709367,0.08087349603197272
ddpg,1,775000,77.5,111.6,0.5,0.5,81.2,0.05639789681640274,0.05253202470323128
ddpg,1,800000,80.0,115.38333333333334,0.2,0.2,61.5,0.14810483410523687,0.10281691789946361
ddpg,1,825000,82.5,119.13333333333334,0.2,0.2,73.0,0.10830751190703054,0.06456006520247515
ddpg,1,850000,85.0,122.85,0.2,0.2,70.5,0.05084075539775697,0.04572896289135654
ddpg,1,875000,87.5,126.525,0.3,0.3,83.0,0.06106423559073709,0.04989615225187746
ddpg,1,900000,90.0,130.23333333333332,0.0,0.0,,0.10678641621576075,0.10333738257371876
ddpg,1,925000,92.5,133.88333333333333,0.1,0.1,72.0,0.0707089454226545,0.0669228631850101
ddpg,1,950000,95.0,137.56666666666666,0.0,0.0,,0.16870583101807732,0.1550369585746535
ddpg,1,975000,97.5,141.225,0.0,0.0,,0.14767688760854317,0.1360722506401567
ddpg,1,1000000,100.0,144.76666666666668,0.6,0.6,83.16666666666667,0.061228888432095716,0.05035189991844309
ddpg,2,25000,2.5,2.0083333333333333,0.0,0.0,,0.22688422811320125,0.22688422811320125
ddpg,2,50000,5.0,5.333333333333333,0.0,0.0,,0.2570820251025178,0.2072474560136631
ddpg,2,75000,7.5,8.616666666666667,0.0,0.0,,0.2242508066967776,0.21518507794248481
ddpg,2,100000,10.0,12.05,0.0,0.0,,0.2136977845533104,0.2129943527100418
ddpg,2,125000,12.5,15.65,0.0,0.0,,0.20804032623568136,0.20765024940325788
ddpg,2,150000,15.0,19.2,0.0,0.0,,0.18934295399839546,0.18705059747095001
ddpg,2,175000,17.5,22.841666666666665,0.2,0.2,89.0,0.08831688414866906,0.08190415586700658
ddpg,2,200000,20.0,26.466666666666665,0.1,0.1,85.0,0.05588039104545841,0.05280429815288083
ddpg,2,225000,22.5,30.0,0.0,0.0,,0.12066294092784073,0.08998340878322687
ddpg,2,250000,25.0,33.56666666666667,0.0,0.0,,0.07199729006642161,0.0691296360921226
ddpg,2,275000,27.5,37.18333333333333,0.1,0.1,74.0,0.08840483979248097,0.0842123315037798
ddpg,2,300000,30.0,40.78333333333333,0.5,0.5,66.2,0.11737203797386819,0.06537734550208596
ddpg,2,325000,32.5,44.475,0.3,0.3,76.33333333333333,0.08209912106797114,0.06643662524922977
ddpg,2,350000,35.0,48.13333333333333,0.1,0.1,76.0,0.04401517688045633,0.039021388787276005
ddpg,2,375000,37.5,51.833333333333336,0.0,0.0,,0.10265632751437934,0.10121361278546677
ddpg,2,400000,40.0,55.5,0.0,0.0,,0.09970240746791738,0.08126170042113864
ddpg,2,425000,42.5,59.266666666666666,0.1,0.1,92.0,0.07548384814307627,0.06701566167062906
ddpg,2,450000,45.0,63.0,0.3,0.3,82.33333333333333,0.029252118743819767,0.02752104278385431
ddpg,2,475000,47.5,66.775,0.3,0.3,77.0,0.05749180151963246,0.045220994788887706
ddpg,2,500000,50.0,70.56666666666666,0.1,0.1,65.0,0.12089468966505874,0.08852652526647647
ddpg,2,525000,52.5,74.28333333333333,0.0,0.0,,0.12933232611953382,0.10726291784554536
ddpg,2,550000,55.0,78.1,0.1,0.1,73.0,0.07157365320278017,0.059653039559026746
ddpg,2,575000,57.5,81.83333333333333,0.4,0.4,76.25,0.040005953385483205,0.03821724330125094
ddpg,2,600000,60.0,85.5,0.4,0.4,78.0,0.0310799386959519,0.027004831507619415
ddpg,2,625000,62.5,89.18333333333334,0.6,0.6,75.83333333333333,0.06136204426241133,0.025914629265646177
ddpg,2,650000,65.0,92.8,0.1,0.1,80.0,0.07295736966613092,0.06669031827547096
ddpg,2,675000,67.5,96.48333333333333,0.1,0.1,74.0,0.07852356804746786,0.058728665108726694
ddpg,2,700000,70.0,100.26666666666667,0.2,0.2,76.0,0.17362330768577988,0.13253295366248302
ddpg,2,725000,72.5,104.16666666666667,0.1,0.1,86.0,0.10863019006539758,0.09940950379524785
ddpg,2,750000,75.0,107.96666666666667,0.0,0.0,,0.06837246181923826,0.06837246181923826
ddpg,2,775000,77.5,111.78333333333333,0.1,0.1,78.0,0.12294926250159266,0.11029768854450568
ddpg,2,800000,80.0,115.6,0.0,0.0,,0.1270119894143535,0.11390701476048518
ddpg,2,825000,82.5,119.35833333333333,0.0,0.0,,0.06163693035227934,0.057158067595275766
ddpg,2,850000,85.0,123.01666666666667,0.6,0.6,87.83333333333333,0.055334246984747405,0.050805060107783226
ddpg,2,875000,87.5,126.74166666666666,0.3,0.3,91.0,0.033179467224257915,0.029110379161622853
ddpg,2,900000,90.0,130.41666666666666,0.0,0.0,,0.0988147871802849,0.08108219170672679
ddpg,2,925000,92.5,134.15,0.2,0.2,90.5,0.08256404977828599,0.07942654080896182
ddpg,2,950000,95.0,137.81666666666666,0.2,0.2,84.5,0.05685799477028566,0.042833146401497
ddpg,2,975000,97.5,141.49166666666667,0.0,0.0,,0.22690373703236846,0.22685541160726147
ddpg,2,1000000,100.0,144.95,0.5,0.5,79.2,0.06467822742909307,0.05945415047068068
td3,0,25000,2.5,2.0,0.0,0.0,,0.21109349998943508,0.20855206636507964
td3,0,50000,5.0,5.366666666666666,0.0,0.0,,0.22157058068715543,0.21804474862176373
td3,0,75000,7.5,8.65,0.0,0.0,,0.16851952502136042,0.1642873758021812
td3,0,100000,10.0,12.066666666666666,0.1,0.1,100.0,0.1267509130931348,0.12132089345615091
td3,0,125000,12.5,15.633333333333333,0.0,0.0,,0.13799402822511525,0.13014219742747654
td3,0,150000,15.0,19.2,0.0,0.0,,0.1036233896079117,0.09307768869863145
td3,0,175000,17.5,22.783333333333335,0.1,0.1,80.0,0.06609285312594612,0.06476357122227129
td3,0,200000,20.0,26.333333333333332,0.0,0.0,,0.23670129362114362,0.22443245216310212
td3,0,225000,22.5,29.85,0.0,0.0,,0.09886027969231867,0.09885735550039555
td3,0,250000,25.0,33.45,0.0,0.0,,0.06627359811917381,0.06595811064820886
td3,0,275000,27.5,37.05833333333333,0.1,0.1,86.0,0.052150024575196685,0.05192082398641803
td3,0,300000,30.0,40.71666666666667,0.0,0.0,,0.06786303163810124,0.06786303163810124
td3,0,325000,32.5,44.416666666666664,0.0,0.0,,0.1514976695726455,0.14364983248055768
td3,0,350000,35.0,48.083333333333336,0.0,0.0,,0.0883329876587988,0.08174912864464266
td3,0,375000,37.5,51.81666666666667,0.0,0.0,,0.08657290710378952,0.08654581701741224
td3,0,400000,40.0,55.53333333333333,0.0,0.0,,0.06909828532922338,0.06909828532922338
td3,0,425000,42.5,59.266666666666666,0.0,0.0,,0.19506922445226788,0.19174471640643562
td3,0,450000,45.0,62.96666666666667,0.0,0.0,,0.11894552771055093,0.11894552771055093
td3,0,475000,47.5,66.75,0.0,0.0,,0.07819716853336131,0.07819716853336131
td3,0,500000,50.0,70.53333333333333,0.0,0.0,,0.09613513166115698,0.08778363226880549
td3,0,525000,52.5,74.36666666666666,0.0,0.0,,0.0983425058760585,0.09834250394978378
td3,0,550000,55.0,78.2,0.0,0.0,,0.16322754009824222,0.15259813784290457
td3,0,575000,57.5,82.0,0.0,0.0,,0.08590072420534797,0.08590067142463156
td3,0,600000,60.0,85.83333333333333,0.0,0.0,,0.1340922215751358,0.13338725451896785
td3,0,625000,62.5,89.71666666666667,0.0,0.0,,0.17163771170530223,0.162125100910244
td3,0,650000,65.0,93.55,0.0,0.0,,0.09314616442348113,0.09314616442348113
td3,0,675000,67.5,97.4,0.0,0.0,,0.10958387588928398,0.10957763862765155
td3,0,700000,70.0,101.26666666666667,0.0,0.0,,0.049897777623284276,0.049897777623284276
td3,0,725000,72.5,105.13333333333334,0.0,0.0,,0.0932650553834902,0.09321777888600567
td3,0,750000,75.0,109.05,0.0,0.0,,0.13709981317950887,0.13410536424428599
td3,0,775000,77.5,112.91666666666667,0.0,0.0,,0.15101498120218576,0.14891432100537258
td3,0,800000,80.0,116.78333333333333,0.0,0.0,,0.07983261320271781,0.07983261320271781
td3,0,825000,82.5,120.65,0.0,0.0,,0.08378434898607796,0.08378434898607796
td3,0,850000,85.0,124.5,0.0,0.0,,0.1058294359915952,0.10565480575320285
td3,0,875000,87.5,128.4,0.0,0.0,,0.07217579458279214,0.07217579458279214
td3,0,900000,90.0,132.3,0.0,0.0,,0.04796087036501926,0.04796087036501926
td3,0,925000,92.5,136.16666666666666,0.0,0.0,,0.1204874554131751,0.1204874554131751
td3,0,950000,95.0,140.06666666666666,0.0,0.0,,0.08530976161598738,0.08530976161598738
td3,0,975000,97.5,143.975,0.0,0.0,,0.08762154508639049,0.08762154508639049
td3,0,1000000,100.0,147.68333333333334,0.0,0.0,,0.05153844673265302,0.05153844673265302
td3,1,25000,2.5,2.0,0.0,0.0,,0.23059174816103187,0.22424000699220809
td3,1,50000,5.0,5.366666666666666,0.0,0.0,,0.2543052982998003,0.2233629684967287
td3,1,75000,7.5,8.625,0.2,0.2,94.5,0.18138550233208187,0.1715403230330193
td3,1,100000,10.0,12.066666666666666,0.0,0.0,,0.1433791621941664,0.13887992778876163
td3,1,125000,12.5,15.65,0.1,0.1,91.0,0.12104573933848024,0.1068393501694909
td3,1,150000,15.0,19.2,0.0,0.0,,0.08135582662507006,0.0668160149599395
td3,1,175000,17.5,22.783333333333335,0.1,0.1,97.0,0.053989997063595564,0.053989997063595564
td3,1,200000,20.0,26.35,0.3,0.3,89.66666666666667,0.07006672885960519,0.0665614761604468
td3,1,225000,22.5,29.958333333333332,0.2,0.2,82.5,0.04780277055166668,0.04780277055166668
td3,1,250000,25.0,33.6,0.4,0.4,80.25,0.03053917462478738,0.029812557696183427
td3,1,275000,27.5,37.21666666666667,0.2,0.2,96.5,0.04653975026952595,0.04653975026952595
td3,1,300000,30.0,40.9,0.7,0.7,81.14285714285714,0.01569314436646855,0.01562496086251185
td3,1,325000,32.5,44.53333333333333,0.5,0.5,87.6,0.023032612837812473,0.022350608726435066
td3,1,350000,35.0,48.233333333333334,0.5,0.5,97.6,0.02289624574962868,0.02289624574962868
td3,1,375000,37.5,51.93333333333333,0.0,0.0,,0.07010913033141644,0.07010913033141644
td3,1,400000,40.0,55.65,0.0,0.0,,0.06122967681213766,0.06122967681213766
td3,1,425000,42.5,59.4,0.7,0.7,86.42857142857143,0.018772590368793425,0.01873349269748812
td3,1,450000,45.0,63.11666666666667,0.0,0.0,,0.037235943228427514,0.037020731169428105
td3,1,475000,47.5,66.86666666666666,0.0,0.0,,0.03018310680463334,0.03006486714527134
td3,1,500000,50.0,70.63333333333334,0.4,0.4,80.0,0.02788389404322058,0.024830588305360054
td3,1,525000,52.5,74.38333333333334,0.4,0.4,85.5,0.030736265647459453,0.030559757290721128
td3,1,550000,55.0,78.2,0.4,0.4,77.25,0.03381244219587187,0.03381244219587187
td3,1,575000,57.5,81.95,0.7,0.7,83.42857142857143,0.021159052460164564,0.021159052460164564
td3,1,600000,60.0,85.76666666666667,0.6,0.6,80.16666666666667,0.01901536086684591,0.015262472192141316
td3,1,625000,62.5,89.56666666666666,0.3,0.3,83.33333333333333,0.045904334199547855,0.04324947671586858
td3,1,650000,65.0,93.35,0.8,0.8,85.375,0.016648760025368574,0.016648760025368574
td3,1,675000,67.5,97.16666666666667,0.1,0.1,78.0,0.03627911555084173,0.03510383768593667
td3,1,700000,70.0,101.0,0.8,0.8,77.125,0.011135236364142237,0.008335678252991174
td3,1,725000,72.5,104.83333333333333,0.8,0.8,78.75,0.01967687378694651,0.01967687378694651
td3,1,750000,75.0,108.65,0.4,0.4,82.75,0.02413362082026229,0.02413362082026229
td3,1,775000,77.5,112.5,0.5,0.5,76.0,0.020921152654039238,0.020921152654039238
td3,1,800000,80.0,116.31666666666666,0.4,0.4,78.0,0.02104274043557652,0.02104274043557652
td3,1,825000,82.5,120.16666666666667,0.5,0.5,79.8,0.022435208692317115,0.022435208692317115
td3,1,850000,85.0,124.0,0.8,0.8,76.0,0.023160533959375312,0.01921160052074175
td3,1,875000,87.5,127.88333333333334,0.9,0.9,80.22222222222223,0.013582739279170582,0.012330525590019615
td3,1,900000,90.0,131.71666666666667,0.5,0.5,78.0,0.01641073373553788,0.01641073373553788
td3,1,925000,92.5,135.55,0.8,0.8,76.75,0.017579125373522925,0.012087614978124498
td3,1,950000,95.0,139.4,0.2,0.2,57.0,0.03845299829320463,0.030348481488273227
td3,1,975000,97.5,143.28333333333333,0.3,0.3,68.33333333333333,0.030792534683929607,0.029088094209452853
td3,1,1000000,100.0,147.16666666666666,0.7,0.7,75.85714285714286,0.01839683813276814,0.014941774901102984
td3,2,25000,2.5,1.9833333333333334,0.0,0.0,,0.2302433179480333,0.22687411596762316
td3,2,50000,5.0,5.366666666666666,0.0,0.0,,0.2302848152178376,0.2175813113582874
td3,2,75000,7.5,8.633333333333333,0.0,0.0,,0.24975233050190307,0.2267573791253965
td3,2,100000,10.0,12.083333333333334,0.0,0.0,,0.19573494231391061,0.18215110396538706
td3,2,125000,12.5,15.666666666666666,0.0,0.0,,0.14348461236015914,0.1365888160064585
td3,2,150000,15.0,19.233333333333334,0.1,0.1,100.0,0.1023900994266812,0.0872672759772147
td3,2,175000,17.5,22.8,0.2,0.2,67.5,0.08303550455638906,0.0827145885263268
td3,2,200000,20.0,26.35,0.2,0.2,95.0,0.04619209474145784,0.04619120154886895
td3,2,225000,22.5,29.95,0.2,0.2,84.0,0.08970991848369908,0.08509125966578376
td3,2,250000,25.0,33.55,0.0,0.0,,0.11515514441750355,0.11515514441750355
td3,2,275000,27.5,37.15833333333333,0.1,0.1,79.0,0.06955474093197729,0.06953930887242972
td3,2,300000,30.0,40.81666666666667,0.0,0.0,,0.07588698608510311,0.07588698608510311
td3,2,325000,32.5,44.45,0.2,0.2,86.0,0.032886376537374036,0.03287659138569078
td3,2,350000,35.0,48.11666666666667,0.0,0.0,,0.10285154009727918,0.10285154009727918
td3,2,375000,37.5,51.8,0.0,0.0,,0.13707509086757177,0.13707509086757177
td3,2,400000,40.0,55.46666666666667,0.0,0.0,,0.07888564986908743,0.07888564986908743
td3,2,425000,42.5,59.21666666666667,0.0,0.0,,0.08171118869844765,0.08171118869844765
td3,2,450000,45.0,62.95,0.2,0.2,71.5,0.07078494660694866,0.04931112544764939
td3,2,475000,47.5,66.71666666666667,0.8,0.8,70.25,0.022880251049231234,0.01805761397417557
td3,2,500000,50.0,70.48333333333333,0.1,0.1,100.0,0.06419179475848455,0.05459618541658658
td3,2,525000,52.5,74.3,0.7,0.7,83.28571428571429,0.030350276066151184,0.030350276066151184
td3,2,550000,55.0,78.06666666666666,0.1,0.1,68.0,0.03321761325035462,0.03311781775155469
td3,2,575000,57.5,81.85,0.0,0.0,,0.033333334955468086,0.03160467328096238
td3,2,600000,60.0,85.66666666666667,0.5,0.5,88.0,0.041890192180262666,0.039142766085408155
td3,2,625000,62.5,89.46666666666667,1.0,1.0,76.5,0.024863135229128114,0.0074587663871055684
td3,2,650000,65.0,93.26666666666667,0.8,0.8,87.375,0.014484688069742225,0.011883204399534877
td3,2,675000,67.5,97.11666666666666,0.7,0.7,80.57142857142857,0.016472016586138522,0.016472016586138522
td3,2,700000,70.0,100.95,0.0,0.0,,0.046132303083754156,0.046132303083754156
td3,2,725000,72.5,104.76666666666667,0.0,0.0,,0.027262507804996283,0.027262507804996283
td3,2,750000,75.0,108.61666666666666,0.0,0.0,,0.038583264560956294,0.038583264560956294
td3,2,775000,77.5,112.5,0.0,0.0,,0.03166655207486689,0.03166655207486689
td3,2,800000,80.0,116.31666666666666,0.0,0.0,,0.04750746940676746,0.04750746940676746
td3,2,825000,82.5,120.16666666666667,0.4,0.4,87.75,0.020154777573351497,0.020154777573351497
td3,2,850000,85.0,123.98333333333333,0.5,0.5,83.4,0.02265382896450524,0.02265382896450524
td3,2,875000,87.5,127.86666666666666,0.0,0.0,,0.037709998530036835,0.037709998530036835
td3,2,900000,90.0,131.71666666666667,0.1,0.1,50.0,0.04842592235855422,0.04818249143993743
td3,2,925000,92.5,135.55,0.2,0.2,82.0,0.0360732308188464,0.0360732308188464
td3,2,950000,95.0,139.41666666666666,0.0,0.0,,0.03166196103079249,0.03166196103079249
td3,2,975000,97.5,143.28333333333333,0.0,0.0,,0.03315134047365661,0.03315134047365661
td3,2,1000000,100.0,147.16666666666666,0.0,0.0,,0.032273005973194116,0.032273005973194116
sac,0,25000,2.5,2.375,0.0,0.0,,0.211530107331952,0.2012902050890731
sac,0,50000,5.0,6.366666666666666,0.0,0.0,,0.2246320225235446,0.22127350821282482
sac,0,75000,7.5,10.366666666666667,0.0,0.0,,0.22343172216346557,0.22342094600494417
sac,0,100000,10.0,14.45,0.0,0.0,,0.21014033464637355,0.19865872946745694
sac,0,125000,12.5,18.483333333333334,0.0,0.0,,0.20860002995670332,0.2050932769329432
sac,0,150000,15.0,22.566666666666666,0.0,0.0,,0.14983808414306074,0.13990520731314543
sac,0,175000,17.5,26.633333333333333,0.0,0.0,,0.13383878116553197,0.12010768414675395
sac,0,200000,20.0,30.733333333333334,0.0,0.0,,0.11385676431851896,0.10854871062296864
sac,0,225000,22.5,34.8,0.0,0.0,,0.10379446846357483,0.10379446846357483
sac,0,250000,25.0,38.86666666666667,0.0,0.0,,0.08191858455636312,0.08191858455636312
sac,0,275000,27.5,42.95,0.2,0.2,84.0,0.07107214002579118,0.06587226442438934
sac,0,300000,30.0,47.03333333333333,0.2,0.2,88.0,0.053533880826103566,0.05294305535367936
sac,0,325000,32.5,51.11666666666667,0.0,0.0,,0.04248844891835077,0.04248844891835077
sac,0,350000,35.0,55.18333333333333,0.5,0.5,79.6,0.031683601976755876,0.030386431461166492
sac,0,375000,37.5,59.333333333333336,0.3,0.3,80.66666666666667,0.0507198149552532,0.050439498273427044
sac,0,400000,40.0,63.43333333333333,0.4,0.4,84.25,0.0429189876324018,0.04260373187088285
sac,0,425000,42.5,67.49166666666666,0.3,0.3,81.33333333333333,0.031586948478978104,0.031586948478978104
sac,0,450000,45.0,71.58333333333333,0.4,0.4,74.0,0.03591076222503104,0.03591076222503104
sac,0,475000,47.5,75.68333333333334,0.0,0.0,,0.0425076989912896,0.04246384486196015
sac,0,500000,50.0,79.8,0.8,0.8,81.5,0.016271588332758824,0.015559847288144663
sac,0,525000,52.5,83.88333333333334,0.7,0.7,80.0,0.017797901483594857,0.014761212506295881
sac,0,550000,55.0,87.98333333333333,0.4,0.4,90.75,0.024968677137412666,0.024968677137412666
sac,0,575000,57.5,92.1,0.9,0.9,80.33333333333333,0.010784218434343174,0.009755871246197121
sac,0,600000,60.0,96.23333333333333,0.7,0.7,72.71428571428571,0.020074732726575596,0.020015022586746443
sac,0,625000,62.5,100.38333333333334,1.0,1.0,75.2,0.008273105291126922,0.008246706058307521
sac,0,650000,65.0,104.53333333333333,1.0,1.0,76.1,0.012148613157318541,0.012148613157318541
sac,0,675000,67.5,108.66666666666667,0.7,0.7,78.85714285714286,0.01560775956220425,0.01560775956220425
sac,0,700000,70.0,112.8,1.0,1.0,79.1,0.013885165109774866,0.013885165109774866
sac,0,725000,72.5,116.9,0.1,0.1,87.0,0.030987593214477898,0.028094882982972042
sac,0,750000,75.0,121.0,0.5,0.5,78.2,0.02059720212917101,0.02059720212917101
sac,0,775000,77.5,125.08333333333333,0.8,0.8,77.5,0.012004391623994732,0.012004391623994732
sac,0,800000,80.0,129.18333333333334,1.0,1.0,72.2,0.011241295575095706,0.011237234025630094
sac,0,825000,82.5,133.31666666666666,1.0,1.0,71.8,0.007809361303561924,0.004666529197923675
sac,0,850000,85.0,137.43333333333334,1.0,1.0,69.9,0.00892780786190108,0.007322417852655717
sac,0,875000,87.5,141.55,0.9,0.9,74.55555555555556,0.013012914152666834,0.013012914152666834
sac,0,900000,90.0,145.7,1.0,1.0,74.1,0.01320790507778769,0.013030025736898326
sac,0,925000,92.5,149.81666666666666,0.9,0.9,70.33333333333333,0.011660631523302057,0.011660631523302057
sac,0,950000,95.0,153.93333333333334,0.9,0.9,73.88888888888889,0.009540932979138876,0.009540932979138876
sac,0,975000,97.5,158.08333333333334,1.0,1.0,73.3,0.013606446813102687,0.013584466523200412
sac,0,1000000,100.0,162.23333333333332,0.9,0.9,71.77777777777777,0.016767982037429144,0.015933478667856032
sac,1,25000,2.5,2.3833333333333333,0.0,0.0,,0.24525130718425509,0.21764245415857214
sac,1,50000,5.0,6.366666666666666,0.0,0.0,,0.22306553827285086,0.21660025080224052
sac,1,75000,7.5,10.35,0.0,0.0,,0.21835580510463207,0.21451952058188373
sac,1,100000,10.0,14.433333333333334,0.0,0.0,,0.22904373444690904,0.2196818250916665
sac,1,125000,12.5,18.483333333333334,0.0,0.0,,0.2161855916467375,0.19510461113222216
sac,1,150000,15.0,22.583333333333332,0.0,0.0,,0.19026723482431632,0.18655816669803635
sac,1,175000,17.5,26.708333333333332,0.0,0.0,,0.20428808834016912,0.20220302774351057
sac,1,200000,20.0,30.816666666666666,0.1,0.1,75.0,0.179667913802756,0.17478649212205866
sac,1,225000,22.5,34.95,0.0,0.0,,0.14335297793639667,0.14266031170151391
sac,1,250000,25.0,39.083333333333336,0.0,0.0,,0.15811666650577488,0.15811127637630035
sac,1,275000,27.5,43.2,0.0,0.0,,0.15764948629289005,0.15587617424295877
sac,1,300000,30.0,47.266666666666666,0.0,0.0,,0.1345349320451113,0.1345349320451113
sac,1,325000,32.5,51.38333333333333,0.0,0.0,,0.1005913179257317,0.09688235475473628
sac,1,350000,35.0,55.55,0.0,0.0,,0.11902524823880989,0.11520828417445969
sac,1,375000,37.5,59.63333333333333,0.0,0.0,,0.11009421004993865,0.10202577971863684
sac,1,400000,40.0,63.78333333333333,0.0,0.0,,0.08128086723283319,0.0784228125314275
sac,1,425000,42.5,67.9,0.0,0.0,,0.06499696145661753,0.06499696145661753
sac,1,450000,45.0,72.06666666666666,0.0,0.0,,0.06527850246299441,0.06527850246299441
sac,1,475000,47.5,76.2,0.2,0.2,98.5,0.03922443790830908,0.03922443790830908
sac,1,500000,50.0,80.31666666666666,0.4,0.4,83.75,0.051069014621921725,0.05067102696894449
sac,1,525000,52.5,84.45,0.4,0.4,85.75,0.05529794893485294,0.05510833361723302
sac,1,550000,55.0,88.58333333333333,0.3,0.3,80.33333333333333,0.05033829310270592,0.04989378722011725
sac,1,575000,57.5,92.71666666666667,0.6,0.6,84.66666666666667,0.025123538761649807,0.023468743306427026
sac,1,600000,60.0,96.88333333333334,0.4,0.4,77.5,0.028353200869701417,0.028353200869701417
sac,1,625000,62.5,101.03333333333333,0.0,0.0,,0.03733863205334971,0.03719070983943025
sac,1,650000,65.0,105.15,0.0,0.0,,0.04081224828468438,0.04081224828468438
sac,1,675000,67.5,109.26666666666667,0.1,0.1,74.0,0.03272145794314934,0.03189364507388574
sac,1,700000,70.0,113.41666666666667,0.4,0.4,90.0,0.021536841365751052,0.020629446921820418
sac,1,725000,72.5,117.55,0.0,0.0,,0.03546605418533367,0.03546605418533367
sac,1,750000,75.0,121.7,0.3,0.3,73.66666666666667,0.025980801014895076,0.025980801014895076
sac,1,775000,77.5,125.83333333333333,0.2,0.2,78.0,0.029417717727444764,0.029417717727444764
sac,1,800000,80.0,129.96666666666667,0.6,0.6,84.83333333333333,0.03463338165631033,0.034003550017184296
sac,1,825000,82.5,134.1,0.8,0.8,82.0,0.014100407146871946,0.01372970841688639
sac,1,850000,85.0,138.26666666666668,0.8,0.8,79.75,0.01593833594925039,0.01593833594925039
sac,1,875000,87.5,142.4,0.5,0.5,78.0,0.027984943955459002,0.02685857913536501
sac,1,900000,90.0,146.55,0.5,0.5,79.2,0.022109432044153415,0.02209756221575542
sac,1,925000,92.5,150.70833333333334,0.9,0.9,82.0,0.015416801054141583,0.015416801054141583
sac,1,950000,95.0,154.86666666666667,0.4,0.4,74.75,0.02202047608395437,0.02202047608395437
sac,1,975000,97.5,159.0,0.6,0.6,76.0,0.021619729835837185,0.021619729835837185
sac,1,1000000,100.0,162.96666666666667,0.8,0.8,82.25,0.012456521414819764,0.012400556238331835
sac,2,25000,2.5,2.408333333333333,0.0,0.0,,0.22463857335631218,0.22456991369393964
sac,2,50000,5.0,6.4,0.0,0.0,,0.20937679848741944,0.1988653827587375
sac,2,75000,7.5,10.383333333333333,0.0,0.0,,0.22003177400301768,0.2175054467323397
sac,2,100000,10.0,14.45,0.0,0.0,,0.22746298076574675,0.21021345637636282
sac,2,125000,12.5,18.5,0.0,0.0,,0.2181172656594787,0.2179727621344862
sac,2,150000,15.0,22.633333333333333,0.0,0.0,,0.20667243747027847,0.20593295334772338
sac,2,175000,17.5,26.758333333333333,0.0,0.0,,0.1612205429336983,0.1609275159018683
sac,2,200000,20.0,30.85,0.0,0.0,,0.165526515441401,0.1634426327868534
sac,2,225000,22.5,34.96666666666667,0.0,0.0,,0.1491228362992298,0.1426644699982619
sac,2,250000,25.0,39.1,0.0,0.0,,0.12892926670681515,0.12892926670681515
sac,2,275000,27.5,43.18333333333333,0.3,0.3,92.66666666666667,0.11292226710097661,0.11052208149147869
sac,2,300000,30.0,47.25,0.3,0.3,74.0,0.11593143713671597,0.09940024127851048
sac,2,325000,32.5,51.375,0.0,0.0,,0.10620054054377451,0.10562653661711044
sac,2,350000,35.0,55.516666666666666,0.2,0.2,82.0,0.1033447800134533,0.09849508378166334
sac,2,375000,37.5,59.608333333333334,0.3,0.3,87.0,0.08205952275007641,0.08199597072888187
sac,2,400000,40.0,63.733333333333334,0.0,0.0,,0.07645959326610584,0.07645959326610584
sac,2,425000,42.5,67.83333333333333,0.0,0.0,,0.07448766290522604,0.07439405887061981
sac,2,450000,45.0,71.96666666666667,0.2,0.2,87.5,0.06950164511875798,0.0694937306303772
sac,2,475000,47.5,76.11666666666666,0.0,0.0,,0.07135588501759246,0.07050797929091707
sac,2,500000,50.0,80.26666666666667,0.0,0.0,,0.06295264053981477,0.06285586525902664
sac,2,525000,52.5,84.43333333333334,0.0,0.0,,0.052988153278280783,0.052988153278280783
sac,2,550000,55.0,88.58333333333333,0.0,0.0,,0.053406218471752774,0.053161920260321224
sac,2,575000,57.5,92.75,0.0,0.0,,0.051147910641381675,0.051147910641381675
sac,2,600000,60.0,96.86666666666666,0.0,0.0,,0.055751693952106066,0.055751693952106066
sac,2,625000,62.5,101.0,0.1,0.1,65.0,0.046155702578114,0.046155702578114
sac,2,650000,65.0,105.13333333333334,0.0,0.0,,0.0539237878784518,0.053848086878607856
sac,2,675000,67.5,109.28333333333333,0.4,0.4,91.5,0.04700018502634852,0.04699373533532067
sac,2,700000,70.0,113.43333333333334,0.3,0.3,93.66666666666667,0.02384029384232659,0.023637163959438164
sac,2,725000,72.5,117.56666666666666,0.7,0.7,81.14285714285714,0.012990040693586655,0.01286032709515599
sac,2,750000,75.0,121.73333333333333,0.5,0.5,71.6,0.030721182024714088,0.02591267761324183
sac,2,775000,77.5,125.88333333333334,0.0,0.0,,0.032400974048182166,0.032400974048182166
sac,2,800000,80.0,130.0,0.8,0.8,82.375,0.01966667648954767,0.01938717105278915
sac,2,825000,82.5,134.11666666666667,0.6,0.6,71.16666666666667,0.019379556689050306,0.019379556689050306
sac,2,850000,85.0,138.3,0.5,0.5,69.4,0.03188395983629286,0.03188395983629286
sac,2,875000,87.5,142.45,0.0,0.0,,0.035566812885885514,0.035566812885885514
sac,2,900000,90.0,146.61666666666667,0.0,0.0,,0.044373788583741004,0.04281400904716451
sac,2,925000,92.5,150.73333333333332,0.0,0.0,,0.02707740690217838,0.02707740690217838
sac,2,950000,95.0,154.85,0.0,0.0,,0.0321303585338682,0.0321303585338682
sac,2,975000,97.5,159.0,0.1,0.1,58.0,0.026230232226929127,0.026230232226929127
sac,2,1000000,100.0,162.96666666666667,0.0,0.0,,0.0344569770151042,0.03086946821263229
ppo,0,25000,0.20833333333333334,0.2867838541666667,0.0,0.0,,0.22688422811320125,0.22688422811320125
ppo,0,50000,0.4166666666666667,0.5971354166666667,0.0,0.0,,0.22688422811320125,0.22688422811320125
ppo,0,75000,0.625,0.8873697916666666,0.0,0.0,,0.22613847423460992,0.22461816270545673
ppo,0,100000,0.8333333333333334,1.2138020833333334,0.0,0.0,,0.2469377318065446,0.2176240365359619
ppo,0,125000,1.0416666666666667,1.501171875,0.0,0.0,,0.20574818230389041,0.19928912901303503
ppo,0,150000,1.25,1.8247395833333333,0.0,0.0,,0.23492953729635985,0.19350120031786885
ppo,0,175000,1.4583333333333333,2.131640625,0.0,0.0,,0.19685875711668943,0.18257665772326911
ppo,0,200000,1.6666666666666667,2.455208333333333,0.0,0.0,,0.21344170735965431,0.19005919759686618
ppo,0,225000,1.875,2.7954427083333333,0.0,0.0,,0.2125603821969185,0.1836162595392497
ppo,0,250000,2.0833333333333335,3.119010416666667,0.0,0.0,,0.21345546716439096,0.18668040925711482
ppo,0,275000,2.2916666666666665,3.425911458333333,0.0,0.0,,0.19266708630364474,0.1835229613719496
ppo,0,300000,2.5,3.758072916666667,0.0,0.0,,0.1910663593992742,0.16588401465267463
ppo,0,325000,2.7083333333333335,4.0615234375,0.0,0.0,,0.2377627755225015,0.19493249343917074
ppo,0,350000,2.9166666666666665,4.396614583333333,0.0,0.0,,0.22775195229434214,0.19498801486859002
ppo,0,375000,3.125,4.720182291666666,0.0,0.0,,0.22710379040097223,0.19556439763642305
ppo,0,400000,3.3333333333333335,5.04375,0.0,0.0,,0.19595833596706402,0.1622010295590778
ppo,0,425000,3.5416666666666665,5.375325520833333,0.0,0.0,,0.20017244545875862,0.16634972753242513
ppo,0,450000,3.75,5.707552083333334,0.0,0.0,,0.22551612566048132,0.17441929687506624
ppo,0,475000,3.9583333333333335,5.998893229166667,0.0,0.0,,0.17276498813014948,0.13952719190628496
ppo,0,500000,4.166666666666667,6.338020833333333,0.0,0.0,,0.20169540886213175,0.15833701553170215
ppo,0,525000,4.375,6.661588541666666,0.1,0.1,83.0,0.1890199147868541,0.15789266041743966
ppo,0,550000,4.583333333333333,7.001822916666667,0.2,0.2,88.5,0.2063871195706088,0.1554095293359516
ppo,0,575000,4.791666666666667,7.308723958333333,0.0,0.0,,0.19478147827450853,0.15590749480186222
ppo,0,600000,5.0,7.615625,0.2,0.2,98.0,0.19616588331683732,0.15485948635419172
ppo,0,625000,5.208333333333333,7.9529296875,0.1,0.1,99.0,0.17932524193380264,0.14475067035509853
ppo,0,650000,5.416666666666667,8.262760416666667,0.0,0.0,,0.18345266257788917,0.13205874854568606
ppo,0,675000,5.625,8.583333333333334,0.0,0.0,,0.1935293975652926,0.13745031657881318
ppo,0,700000,5.833333333333333,8.909895833333334,0.0,0.0,,0.17104893838670612,0.13539266302868538
ppo,0,725000,6.041666666666667,9.216796875,0.0,0.0,,0.1578315953248965,0.12836685231613207
ppo,0,750000,6.25,9.55703125,0.1,0.1,65.0,0.13332838632431432,0.11139522541329087
ppo,0,775000,6.458333333333333,9.880598958333334,0.0,0.0,,0.24444855627184608,0.17849098267811336
ppo,0,800000,6.666666666666667,10.1875,0.1,0.1,76.0,0.1430509380219954,0.11437479560545223
ppo,0,825000,6.875,10.527734375,0.2,0.2,80.0,0.15360129435288022,0.12849877806566573
ppo,0,850000,7.083333333333333,10.833984375,0.1,0.1,71.0,0.18595253717415605,0.14735054895816974
ppo,0,875000,7.291666666666667,11.158203125,0.1,0.1,87.0,0.2544793178488461,0.19660731043447294
ppo,0,900000,7.5,11.47421875,0.1,0.1,63.0,0.1782663034038258,0.1374433581012136
ppo,0,925000,7.708333333333333,11.788671875,0.2,0.2,92.5,0.18062964138000437,0.1464775182951309
ppo,0,950000,7.916666666666667,12.112239583333333,0.2,0.2,80.5,0.16709461468236658,0.13187606018145503
ppo,0,975000,8.125,12.419140625,0.1,0.1,66.0,0.20754922180748156,0.15299014947925166
ppo,0,1000000,8.333333333333334,12.726041666666667,0.1,0.1,61.0,0.2588656933651098,0.18802467513349116
ppo,0,1025000,8.541666666666666,13.066276041666667,0.0,0.0,,0.2204464182587406,0.15914319265619842
ppo,0,1050000,8.75,13.373177083333333,0.1,0.1,66.0,0.245132522851171,0.16414833736804652
ppo,0,1075000,8.958333333333334,13.698372395833333,0.1,0.1,57.0,0.22773175971985005,0.15865547244604336
ppo,0,1100000,9.166666666666666,14.018489583333333,0.3,0.3,83.33333333333333,0.22862252691127374,0.15470031726483285
ppo,0,1125000,9.375,14.321940104166666,0.1,0.1,95.0,0.18955952439402646,0.14472195173296348
ppo,0,1150000,9.583333333333334,14.65078125,0.1,0.1,63.0,0.22929008673430262,0.1608294526810556
ppo,0,1175000,9.791666666666666,14.957682291666666,0.1,0.1,90.0,0.18579566140858822,0.13484627444378364
ppo,0,1200000,10.0,15.282291666666667,0.1,0.1,99.0,0.1270016188910958,0.10481542388070095
ppo,0,1225000,10.208333333333334,15.602408854166667,0.1,0.1,84.0,0.15960379834745747,0.125113987490247
ppo,0,1250000,10.416666666666666,15.91171875,0.1,0.1,99.0,0.13315052640613664,0.11981397774775396
ppo,0,1275000,10.625,16.259309895833333,0.0,0.0,,0.12306530979341426,0.11038689389288599
ppo,0,1300000,10.833333333333334,16.562760416666666,0.0,0.0,,0.12412238463573491,0.11080992837722714
ppo,0,1325000,11.041666666666666,16.882421875,0.1,0.1,77.0,0.1759109707882958,0.13651242827555404
ppo,0,1350000,11.25,17.22265625,0.2,0.2,77.0,0.0859437697569129,0.08196608075423599
ppo,0,1375000,11.458333333333334,17.546223958333332,0.0,0.0,,0.17778059713513492,0.14869394678381276
ppo,0,1400000,11.666666666666666,17.8765625,0.3,0.3,88.33333333333333,0.11821415953311978,0.10322746245241968
ppo,0,1425000,11.875,18.193359375,0.1,0.1,73.0,0.09909822840868901,0.09065111209994783
ppo,0,1450000,12.083333333333334,18.500130208333335,0.2,0.2,84.0,0.11829990270702025,0.10216442988599068
ppo,0,1475000,12.291666666666666,18.807161458333333,0.3,0.3,84.66666666666667,0.07592064299180894,0.07239530252118415
ppo,0,1500000,12.5,19.130729166666665,0.3,0.3,87.0,0.10875635132866364,0.09755885493644056
ppo,0,1525000,12.708333333333334,19.454296875,0.3,0.3,86.0,0.09241933122067125,0.07934381224914633
ppo,0,1550000,12.916666666666666,19.79453125,0.5,0.5,90.6,0.05963620709077829,0.05205658877384729
ppo,0,1575000,13.125,20.084765625,0.3,0.3,93.0,0.10486179361987738,0.08861079113331931
ppo,0,1600000,13.333333333333334,20.420833333333334,0.2,0.2,89.5,0.050641709191988946,0.04971848553280663
ppo,0,1625000,13.541666666666666,20.731901041666667,0.0,0.0,,0.12067907545837231,0.09384697533621039
ppo,0,1650000,13.75,21.038802083333334,0.3,0.3,87.66666666666667,0.09932481077211829,0.0908437117516739
ppo,0,1675000,13.958333333333334,21.362369791666666,0.0,0.0,,0.08486144486828093,0.0778705915736195
ppo,0,1700000,14.166666666666666,21.669270833333332,0.0,0.0,,0.09376806382169256,0.08430862426094436
ppo,0,1725000,14.375,21.983333333333334,0.0,0.0,,0.09905343589311336,0.09037800872427228
ppo,0,1750000,14.583333333333334,22.283072916666665,0.0,0.0,,0.09094493389658194,0.08564018232657578
ppo,0,1775000,14.791666666666666,22.589973958333335,0.0,0.0,,0.08494403237457497,0.07266327206130811
ppo,0,1800000,15.0,22.913541666666667,0.0,0.0,,0.09277600632868765,0.08182292664555071
ppo,0,1825000,15.208333333333334,23.2185546875,0.0,0.0,,0.11229422447922181,0.09320771948134665
ppo,0,1850000,15.416666666666666,23.522005208333333,0.0,0.0,,0.14565274354385094,0.10903010023976627
ppo,0,1875000,15.625,23.850911458333332,0.0,0.0,,0.1675947763656677,0.12057998487710442
ppo,0,1900000,15.833333333333334,24.1578125,0.0,0.0,,0.1469789137955394,0.11612766332795954
ppo,0,1925000,16.041666666666668,24.482356770833334,0.0,0.0,,0.22088649019920573,0.14805045742215703
ppo,0,1950000,16.25,24.78828125,0.0,0.0,,0.18306581129925026,0.13042044496980226
ppo,0,1975000,16.458333333333332,25.0892578125,0.0,0.0,,0.1818353819159431,0.12536756809943925
ppo,0,2000000,16.666666666666668,25.409375,0.0,0.0,,0.15355014131951122,0.10838520030122503
ppo,0,2025000,16.875,25.708984375,0.0,0.0,,0.1653482147375805,0.13095643585580324
ppo,0,2050000,17.083333333333332,26.04921875,0.0,0.0,,0.1970544090935487,0.14779333568712977
ppo,0,2075000,17.291666666666668,26.356119791666668,0.0,0.0,,0.19337790959743772,0.14743727153854086
ppo,0,2100000,17.5,26.656510416666666,0.0,0.0,,0.15419768008945117,0.11816513055221847
ppo,0,2125000,17.708333333333332,26.986588541666666,0.1,0.1,86.0,0.19284680358118012,0.13707223194503515
ppo,0,2150000,17.916666666666668,27.280078125,0.0,0.0,,0.152091913909193,0.12181665383726556
ppo,0,2175000,18.125,27.616666666666667,0.0,0.0,,0.1527101303733786,0.12913522328688895
ppo,0,2200000,18.333333333333332,27.936979166666667,0.0,0.0,,0.1964244043027878,0.13643692352875697
ppo,0,2225000,18.541666666666668,28.264192708333333,0.1,0.1,87.0,0.12869546621378267,0.10513875123333583
ppo,0,2250000,18.75,28.593880208333335,0.2,0.2,97.0,0.12817117316942966,0.09430002395956254
ppo,0,2275000,18.958333333333332,28.897330729166665,0.2,0.2,94.0,0.1137195197427356,0.08365937023762274
ppo,0,2300000,19.166666666666668,29.2015625,0.1,0.1,83.0,0.17648508017479175,0.13169559397065933
ppo,0,2325000,19.375,29.541796875,0.0,0.0,,0.23967026801991756,0.16903076070324505
ppo,0,2350000,19.583333333333332,29.848697916666666,0.0,0.0,,0.14556821619994184,0.10877232877058585
ppo,0,2375000,19.791666666666668,30.188932291666667,0.0,0.0,,0.1488412483723815,0.11247162974916039
ppo,0,2400000,20.0,30.495833333333334,0.0,0.0,,0.18443319010856257,0.1364661406138077
ppo,0,2425000,20.208333333333332,30.802734375,0.1,0.1,92.0,0.16553870735848203,0.11580649865540533
ppo,0,2450000,20.416666666666668,31.138151041666667,0.1,0.1,90.0,0.18425404792651914,0.13316360249120957
ppo,0,2475000,20.625,31.4416015625,0.0,0.0,,0.178573502000537,0.13663699757886627
ppo,0,2500000,20.833333333333332,31.756770833333334,0.2,0.2,88.0,0.13148433867509876,0.10885731837508517
ppo,0,2525000,21.041666666666668,32.0818359375,0.2,0.2,81.0,0.11919862311327285,0.10256433240604623
ppo,0,2550000,21.25,32.40390625,0.0,0.0,,0.15503113099241048,0.132999658195091
ppo,0,2575000,21.458333333333332,32.73873697916667,0.3,0.3,92.33333333333333,0.12743436678816705,0.10328505677880451
ppo,0,2600000,21.666666666666668,33.05104166666667,0.1,0.1,97.0,0.18742517006672227,0.1410980453218517
ppo,0,2625000,21.875,33.374609375,0.1,0.1,97.0,0.1611465801457302,0.13434881314288344
ppo,0,2650000,22.083333333333332,33.715755208333334,0.1,0.1,94.0,0.12131776763665891,0.11321604051279195
ppo,0,2675000,22.291666666666668,34.038411458333336,0.0,0.0,,0.17213141788234795,0.15386382966736128
ppo,0,2700000,22.5,34.3453125,0.0,0.0,,0.1518446219833749,0.1385317180721609
ppo,0,2725000,22.708333333333332,34.676106770833336,0.0,0.0,,0.1446802576209107,0.11968661201979765
ppo,0,2750000,22.916666666666668,34.979557291666666,0.0,0.0,,0.142735531703248,0.1265165670226716
ppo,0,2775000,23.125,35.29967447916667,0.0,0.0,,0.1635114616920697,0.13947579243557945
ppo,0,2800000,23.333333333333332,35.60625,0.0,0.0,,0.14926549687572224,0.1250078022248216
ppo,0,2825000,23.541666666666668,35.913151041666666,0.0,0.0,,0.12939168427231282,0.11228874019213635
ppo,0,2850000,23.75,36.25338541666667,0.1,0.1,93.0,0.15838339165858337,0.12303621712257765
ppo,0,2875000,23.958333333333332,36.56028645833333,0.2,0.2,96.5,0.12809665573232948,0.11298733845228218
ppo,0,2900000,24.166666666666668,36.8671875,0.2,0.2,99.5,0.17454726606059723,0.14390431955455837
ppo,0,2925000,24.375,37.207421875,0.0,0.0,,0.18196699078003647,0.157346146248198
ppo,0,2950000,24.583333333333332,37.53098958333333,0.0,0.0,,0.159830054657979,0.1413207211769039
ppo,0,2975000,24.791666666666668,37.86061197916667,0.1,0.1,95.0,0.2117341670390128,0.1694952975444061
ppo,0,3000000,25.0,38.1640625,0.0,0.0,,0.1304545371277129,0.11816724892824064
ppo,0,3250000,27.083333333333332,41.29713541666667,0.0,0.0,,0.22573204358415486,0.17411637674918218
ppo,0,3500000,29.166666666666668,44.4828125,0.0,0.0,,0.18984665495248615,0.15234188052211745
ppo,0,3750000,31.25,47.56848958333333,0.0,0.0,,0.1593121292351994,0.12485241927981208
ppo,0,4000000,33.333333333333336,50.6875,0.0,0.0,,0.20155571181939563,0.1525612063909359
ppo,0,4250000,35.416666666666664,53.903255208333334,0.0,0.0,,0.11719132368342755,0.10659901521402515
ppo,0,4500000,37.5,56.98776041666667,0.1,0.1,83.0,0.14098071602412643,0.08953646843064925
ppo,0,4750000,39.583333333333336,60.155598958333336,0.2,0.2,72.5,0.09898310019340092,0.06812889463718817
ppo,0,5000000,41.666666666666664,63.296875,0.2,0.2,85.0,0.06750824819493198,0.04975913589660037
ppo,0,5250000,43.75,66.39921875,0.3,0.3,74.0,0.07108801252601346,0.06125592248460571
ppo,0,5500000,45.833333333333336,69.5015625,0.1,0.1,76.0,0.11182122879369168,0.09531202580614426
ppo,0,5750000,47.916666666666664,72.65390625,0.0,0.0,,0.11526541948911406,0.09313837569792649
ppo,0,6000000,50.0,75.97291666666666,0.0,0.0,,0.0942812228297199,0.08151025064678212
ppo,0,6250000,52.083333333333336,79.19192708333334,0.0,0.0,,0.137915062514218,0.09838609554429603
ppo,0,6500000,54.166666666666664,82.3609375,0.2,0.2,71.0,0.07899624080544652,0.06907643767803574
ppo,0,6750000,56.25,85.57994791666667,0.0,0.0,,0.1164169955621243,0.08747265236809136
ppo,0,7000000,58.333333333333336,88.78229166666667,0.1,0.1,95.0,0.10232490265143293,0.08820032647696277
ppo,0,7250000,60.416666666666664,91.91796875,0.1,0.1,66.0,0.04774659575467291,0.04612222559798822
ppo,0,7500000,62.5,95.0703125,0.1,0.1,89.0,0.08945731340424941,0.06884838603762443
ppo,0,7750000,64.58333333333333,98.32265625,0.2,0.2,82.5,0.07225476270814432,0.04485321290443467
ppo,0,8000000,66.66666666666667,101.59166666666667,0.2,0.2,90.5,0.08217452736677162,0.06459713905910255
ppo,0,8250000,68.75,104.76067708333333,0.4,0.4,71.75,0.054292473017698864,0.04402921032889719
ppo,0,8500000,70.83333333333333,107.9296875,0.2,0.2,78.0,0.09112623368432508,0.06401565476740523
ppo,0,8750000,72.91666666666667,111.18203125,0.5,0.5,72.0,0.06944345156400367,0.04824593868106717
ppo,0,9000000,75.0,114.3921875,0.6,0.6,70.0,0.0642251688648282,0.046303461538694204
ppo,0,9250000,77.08333333333333,117.60338541666667,0.3,0.3,85.33333333333333,0.13545043111328467,0.09350752461877218
ppo,0,9500000,79.16666666666667,120.82786458333334,0.2,0.2,72.0,0.07354263659930382,0.06735317154439022
ppo,0,9750000,81.25,124.00807291666666,0.3,0.3,73.33333333333333,0.07052289660031266,0.06446621732828785
ppo,0,10000000,83.33333333333333,127.12708333333333,0.2,0.2,83.5,0.07261531222159587,0.06207681644302793
ppo,0,10250000,85.41666666666667,130.16471354166666,0.2,0.2,82.0,0.09011613556963341,0.0757773909521137
ppo,0,10500000,87.5,133.1484375,0.2,0.2,79.0,0.06470829028726878,0.0496266673825123
ppo,0,10750000,89.58333333333333,136.16666666666666,0.3,0.3,80.33333333333333,0.05285902539942887,0.04906460805713949
ppo,0,11000000,91.66666666666667,139.13645833333334,0.6,0.6,77.5,0.026891088509083505,0.02211996887031028
ppo,0,11250000,93.75,142.13880208333333,0.2,0.2,73.5,0.038608231059828,0.038608231059828
ppo,0,11500000,95.83333333333333,145.09114583333334,0.2,0.2,69.0,0.06299030566924255,0.05087253594508643
ppo,0,11750000,97.91666666666667,148.16015625,0.4,0.4,84.5,0.034960799517498246,0.0347556049810079
ppo,0,12000000,100.0,151.14583333333334,0.4,0.4,84.5,0.04801157102250937,0.03977004297332144
ppo,1,25000,0.20833333333333334,0.3,0.0,0.0,,0.22688422811320125,0.22688422811320125
ppo,1,50000,0.4166666666666667,0.5971354166666667,0.0,0.0,,0.22688422811320125,0.22688422811320125
ppo,1,75000,0.625,0.8873697916666666,0.0,0.0,,0.22688422811320125,0.22688422811320125
ppo,1,100000,0.8333333333333334,1.2276041666666666,0.0,0.0,,0.22660822654180662,0.2264874201364871
ppo,1,125000,1.0416666666666667,1.5178385416666667,0.0,0.0,,0.18332034784830506,0.17885193868795804
ppo,1,150000,1.25,1.8373697916666667,0.0,0.0,,0.26124165496257656,0.21815310946491007
ppo,1,175000,1.4583333333333333,2.157486979166667,0.0,0.0,,0.20874728243539914,0.17101702676406727
ppo,1,200000,1.6666666666666667,2.488541666666667,0.0,0.0,,0.2713247124288797,0.21823897220624672
ppo,1,225000,1.875,2.8287760416666665,0.0,0.0,,0.24162210597092493,0.191584901519838
ppo,1,250000,2.0833333333333335,3.15234375,0.0,0.0,,0.233390405110886,0.1798466012759569
ppo,1,275000,2.2916666666666665,3.4712890625,0.0,0.0,,0.2612155433989184,0.208991798846129
ppo,1,300000,2.5,3.7994791666666665,0.0,0.0,,0.2555313142556151,0.20813637145878458
ppo,1,325000,2.7083333333333335,4.1115234375,0.0,0.0,,0.2623446922036249,0.20566871093488723
ppo,1,350000,2.9166666666666665,4.431640625,0.0,0.0,,0.26455921045929415,0.2095278469615681
ppo,1,375000,3.125,4.786848958333334,0.0,0.0,,0.2558213479476804,0.21067213390081668
ppo,1,400000,3.3333333333333335,5.110416666666667,0.0,0.0,,0.23924764193890038,0.20906162422799487
ppo,1,425000,3.5416666666666665,5.450651041666666,0.0,0.0,,0.19507471016356837,0.17256366873642895
ppo,1,450000,3.75,5.77421875,0.0,0.0,,0.21554826196161175,0.1887127843972825
ppo,1,475000,3.9583333333333335,6.0822265625,0.0,0.0,,0.19882211608362474,0.16957187769967508
ppo,1,500000,4.166666666666667,6.421354166666666,0.0,0.0,,0.23719402279384064,0.1937794723511647
ppo,1,525000,4.375,6.744921875,0.0,0.0,,0.2004916215482242,0.17471124835912807
ppo,1,550000,4.583333333333333,7.068489583333333,0.0,0.0,,0.15792502403033784,0.1427566343935051
ppo,1,575000,4.791666666666667,7.396028645833334,0.0,0.0,,0.20582034780212433,0.18513671324326592
ppo,1,600000,5.0,7.715625,0.2,0.2,76.5,0.20216956321835103,0.17508794022700844
ppo,1,625000,5.208333333333333,8.0529296875,0.0,0.0,,0.19289256398255877,0.1657428788322355
ppo,1,650000,5.416666666666667,8.362760416666667,0.2,0.2,77.0,0.1831363808211341,0.1550930380349591
ppo,1,675000,5.625,8.686328125,0.0,0.0,,0.22890612014638964,0.20155684228076232
ppo,1,700000,5.833333333333333,9.0265625,0.0,0.0,,0.2447481032160599,0.21873623923323224
ppo,1,725000,6.041666666666667,9.333463541666667,0.0,0.0,,0.22181162807731095,0.19677942535479534
ppo,1,750000,6.25,9.65703125,0.0,0.0,,0.23214418698757838,0.20151962330191173
ppo,1,775000,6.458333333333333,9.997265625,0.1,0.1,80.0,0.20820023323038422,0.17472622980621993
ppo,1,800000,6.666666666666667,10.320833333333333,0.0,0.0,,0.18017652433319412,0.16378037273589932
ppo,1,825000,6.875,10.65,0.2,0.2,62.5,0.16416344346752818,0.1443107223147117
ppo,1,850000,7.083333333333333,10.983984375,0.0,0.0,,0.16798953698731572,0.16061953666249118
ppo,1,875000,7.291666666666667,11.291536458333333,0.0,0.0,,0.1406958248105728,0.13182015273078823
ppo,1,900000,7.5,11.615104166666667,0.0,0.0,,0.20681142987119192,0.16827160619823658
ppo,1,925000,7.708333333333333,11.927669270833333,0.1,0.1,88.0,0.21540895868686022,0.16882676745990696
ppo,1,950000,7.916666666666667,12.231119791666666,0.0,0.0,,0.21306623383673276,0.17277105758145667
ppo,1,975000,8.125,12.569140625,0.0,0.0,,0.20505036356214865,0.1670564958817828
ppo,1,1000000,8.333333333333334,12.876041666666667,0.0,0.0,,0.27202188821406587,0.21210106355797617
ppo,1,1025000,8.541666666666666,13.216276041666667,0.0,0.0,,0.24264717206929762,0.18668048790262384
ppo,1,1050000,8.75,13.523177083333334,0.0,0.0,,0.20186225025087629,0.16720206333874496
ppo,1,1075000,8.958333333333334,13.830078125,0.0,0.0,,0.16260870542191683,0.1441318175222238
ppo,1,1100000,9.166666666666666,14.153645833333334,0.1,0.1,97.0,0.1682930441441146,0.14364871650083466
ppo,1,1125000,9.375,14.460546875,0.2,0.2,62.5,0.14851118668658986,0.127337321796214
ppo,1,1150000,9.583333333333334,14.783333333333333,0.0,0.0,,0.19729662849746935,0.16565040435255823
ppo,1,1175000,9.791666666666666,15.107682291666666,0.0,0.0,,0.199536591864987,0.17863531583241515
ppo,1,1200000,10.0,15.414583333333333,0.0,0.0,,0.21652770967711757,0.1918918089461064
ppo,1,1225000,10.208333333333334,15.754817708333333,0.1,0.1,82.0,0.1899941743850142,0.16636498106784017
ppo,1,1250000,10.416666666666666,16.078385416666666,0.0,0.0,,0.16659207664051126,0.14433913202185827
ppo,1,1275000,10.625,16.385286458333333,0.0,0.0,,0.16057430736729575,0.14236999040278647
ppo,1,1300000,10.833333333333334,16.725520833333334,0.0,0.0,,0.15291941774332907,0.1354631613018878
ppo,1,1325000,11.041666666666666,17.049088541666666,0.0,0.0,,0.2123304411461373,0.17536258382948225
ppo,1,1350000,11.25,17.37265625,0.1,0.1,82.0,0.19318748283604445,0.16419642963989195
ppo,1,1375000,11.458333333333334,17.723111979166667,0.0,0.0,,0.1595785389680447,0.1479173826987063
ppo,1,1400000,11.666666666666666,18.036458333333332,0.1,0.1,73.0,0.15188936141502976,0.13498990448187687
ppo,1,1425000,11.875,18.376692708333334,0.0,0.0,,0.14630746743809975,0.1307088253931946
ppo,1,1450000,12.083333333333334,18.683463541666665,0.2,0.2,62.5,0.13961997429153414,0.1226007198318824
ppo,1,1475000,12.291666666666666,18.990494791666666,0.0,0.0,,0.12853672297378638,0.10811411224016161
ppo,1,1500000,12.5,19.347395833333334,0.5,0.5,65.4,0.1185036296377582,0.10060106784084526
ppo,1,1525000,12.708333333333334,19.6771484375,0.1,0.1,68.0,0.17603030596690436,0.1433739835243776
ppo,1,1550000,12.916666666666666,19.980598958333335,0.1,0.1,65.0,0.19843017424411027,0.1607802177811008
ppo,1,1575000,13.125,20.318098958333334,0.1,0.1,62.0,0.19623337952285835,0.16996449219323634
ppo,1,1600000,13.333333333333334,20.625,0.3,0.3,85.33333333333333,0.15049891017759964,0.12771430882532248
ppo,1,1625000,13.541666666666666,20.95,0.1,0.1,73.0,0.20622390634407303,0.16827671454648077
ppo,1,1650000,13.75,21.261067708333332,0.1,0.1,77.0,0.2015968346919418,0.17155190166644568
ppo,1,1675000,13.958333333333334,21.564518229166666,0.1,0.1,81.0,0.1941996750577758,0.159477689982963
ppo,1,1700000,14.166666666666666,21.8859375,0.1,0.1,76.0,0.15916944111863177,0.11839007764298867
ppo,1,1725000,14.375,22.192838541666667,0.1,0.1,77.0,0.18689053841481323,0.14985511038817553
ppo,1,1750000,14.583333333333334,22.499739583333334,0.1,0.1,66.0,0.1959201987253858,0.14576013355008655
ppo,1,1775000,14.791666666666666,22.8283203125,0.0,0.0,,0.19206476111947926,0.14418996735057893
ppo,1,1800000,15.0,23.146875,0.0,0.0,,0.1581042968850815,0.11892098583810776
ppo,1,1825000,15.208333333333334,23.470442708333334,0.4,0.4,58.0,0.14299578753498157,0.09522196601380167
ppo,1,1850000,15.416666666666666,23.77734375,0.1,0.1,68.0,0.13837645742768162,0.09795284485433538
ppo,1,1875000,15.625,24.100911458333332,0.1,0.1,87.0,0.16226118188385616,0.10813569959769054
ppo,1,1900000,15.833333333333334,24.42890625,0.1,0.1,77.0,0.16661991699960454,0.1290146092203402
ppo,1,1925000,16.041666666666668,24.732356770833334,0.0,0.0,,0.1841280923925071,0.15205918518727501
ppo,1,1950000,16.25,25.066666666666666,0.2,0.2,61.0,0.1490161455850245,0.12347333443372269
ppo,1,1975000,16.458333333333332,25.372591145833333,0.1,0.1,64.0,0.18860383735259495,0.15081400807135462
ppo,1,2000000,16.666666666666668,25.66875,0.2,0.2,75.0,0.1592589719977621,0.1252391050102355
ppo,1,2025000,16.875,26.012825520833335,0.1,0.1,68.0,0.22723026909353475,0.1623153789673787
ppo,1,2050000,17.083333333333332,26.332552083333333,0.0,0.0,,0.23369344492506441,0.1800602068094011
ppo,1,2075000,17.291666666666668,26.636393229166668,0.1,0.1,84.0,0.21697640318182926,0.16507917633246635
ppo,1,2100000,17.5,26.963020833333335,0.0,0.0,,0.2148420777012598,0.16039383640524657
ppo,1,2125000,17.708333333333332,27.269921875,0.0,0.0,,0.26353836606034886,0.18884992591902827
ppo,1,2150000,17.916666666666668,27.61015625,0.1,0.1,79.0,0.2390359348721734,0.1596980574555495
ppo,1,2175000,18.125,27.933528645833334,0.0,0.0,,0.22368719477552262,0.16029218854696198
ppo,1,2200000,18.333333333333332,28.257291666666667,0.0,0.0,,0.2657742213777028,0.1688647439736398
ppo,1,2225000,18.541666666666668,28.5904296875,0.0,0.0,,0.19375790383237118,0.12525686311710968
ppo,1,2250000,18.75,28.904427083333335,0.1,0.1,83.0,0.22485916407035353,0.14580309299215563
ppo,1,2275000,18.958333333333332,29.211328125,0.0,0.0,,0.2224844452551545,0.15154779085125056
ppo,1,2300000,19.166666666666668,29.5515625,0.1,0.1,80.0,0.20493091801181995,0.14053121011351155
ppo,1,2325000,19.375,29.8708984375,0.0,0.0,,0.1527241501173277,0.11181464257457208
ppo,1,2350000,19.583333333333332,30.2,0.0,0.0,,0.2112657017173821,0.15510321779726616
ppo,1,2375000,19.791666666666668,30.522265625,0.1,0.1,63.0,0.20416302707036388,0.1503237337243213
ppo,1,2400000,20.0,30.829166666666666,0.3,0.3,71.33333333333333,0.1552392245625094,0.10908686808376708
ppo,1,2425000,20.208333333333332,31.169401041666667,0.3,0.3,79.33333333333333,0.13529926478068158,0.10591154290174472
ppo,1,2450000,20.416666666666668,31.476302083333334,0.3,0.3,81.33333333333333,0.12763720282427754,0.10584268558205678
ppo,1,2475000,20.625,31.799869791666666,0.4,0.4,68.5,0.09777968225923238,0.0754044223969631
ppo,1,2500000,20.833333333333332,32.14010416666667,0.0,0.0,,0.1667053761035676,0.1371785372293976
ppo,1,2525000,21.041666666666668,32.44850260416667,0.0,0.0,,0.1966349049077252,0.14730864176050695
ppo,1,2550000,21.25,32.768619791666666,0.0,0.0,,0.15489625273929936,0.11620300046662635
ppo,1,2575000,21.458333333333332,33.105403645833334,0.1,0.1,86.0,0.12429155747580209,0.11046431262034895
ppo,1,2600000,21.666666666666668,33.42552083333333,0.2,0.2,75.5,0.12785395861664656,0.10617040912462779
ppo,1,2625000,21.875,33.774609375,0.1,0.1,67.0,0.1651401279645496,0.13146845919670277
ppo,1,2650000,22.083333333333332,34.08151041666667,0.1,0.1,71.0,0.1436443386941569,0.12479039576218436
ppo,1,2675000,22.291666666666668,34.38587239583333,0.0,0.0,,0.19313904248881025,0.15449915193131847
ppo,1,2700000,22.5,34.711979166666666,0.1,0.1,62.0,0.18721831065713976,0.14212383169168546
ppo,1,2725000,22.708333333333332,35.018880208333336,0.0,0.0,,0.1438846481525896,0.12430642033484925
ppo,1,2750000,22.916666666666668,35.32955729166667,0.1,0.1,73.0,0.1419302273626551,0.11978988944051797
ppo,1,2775000,23.125,35.649348958333334,0.1,0.1,74.0,0.13451689367470132,0.11750551347119398
ppo,1,2800000,23.333333333333332,35.95625,0.0,0.0,,0.2037698034288724,0.158975511808846
ppo,1,2825000,23.541666666666668,36.296484375,0.1,0.1,87.0,0.12369639659167005,0.1097092612820576
ppo,1,2850000,23.75,36.60338541666667,0.0,0.0,,0.09605935176074025,0.08663641599665835
ppo,1,2875000,23.958333333333332,36.9134765625,0.0,0.0,,0.11372324124117592,0.10545193669397013
ppo,1,2900000,24.166666666666668,37.25052083333333,0.1,0.1,70.0,0.13269669724977123,0.12119944966512683
ppo,1,2925000,24.375,37.570377604166666,0.1,0.1,63.0,0.11915930921209386,0.10575334743110301
ppo,1,2950000,24.583333333333332,37.88098958333333,0.1,0.1,75.0,0.12850733260405944,0.1130875718779103
ppo,1,2975000,24.791666666666668,38.20455729166667,0.0,0.0,,0.14935543625573713,0.13001554201705467
ppo,1,3000000,25.0,38.51145833333333,0.1,0.1,50.0,0.11844836327359598,0.10541910409502298
ppo,1,3250000,27.083333333333332,41.66380208333333,0.3,0.3,70.0,0.08848359587543314,0.06929637341025867
ppo,1,3500000,29.166666666666668,44.866145833333334,0.1,0.1,98.0,0.12451541427060789,0.09763978106782902
ppo,1,3750000,31.25,47.98515625,0.6,0.6,85.16666666666667,0.11234981179106521,0.07769899751925693
ppo,1,4000000,33.333333333333336,51.170833333333334,0.3,0.3,76.0,0.16551061605713255,0.12498917816987423
ppo,1,4250000,35.416666666666664,54.37317708333333,0.1,0.1,87.0,0.16321752058642264,0.11559409211756837
ppo,1,4500000,37.5,57.52552083333333,0.1,0.1,64.0,0.18619312465128166,0.13291321193070543
ppo,1,4750000,39.583333333333336,60.74453125,0.0,0.0,,0.21755245703364673,0.1504037721909069
ppo,1,5000000,41.666666666666664,63.916666666666664,0.2,0.2,68.0,0.14122286685459665,0.10516916818270142
ppo,1,5250000,43.75,67.09127604166666,0.1,0.1,86.0,0.14083977130909037,0.08651914960754238
ppo,1,5500000,45.833333333333336,70.28489583333334,0.4,0.4,75.75,0.09431751218848275,0.07457871948827198
ppo,1,5750000,47.916666666666664,73.53723958333333,0.4,0.4,81.5,0.11149928063343768,0.08103088892349278
ppo,1,6000000,50.0,76.78958333333334,0.5,0.5,78.4,0.07971576372720332,0.06485281396870585
ppo,1,6250000,52.083333333333336,79.96263020833334,0.3,0.3,96.0,0.11274423656821937,0.09717537425899476
ppo,1,6500000,54.166666666666664,83.17760416666667,0.1,0.1,88.0,0.13232050812671248,0.10091967221066948
ppo,1,6750000,56.25,86.41328125,0.1,0.1,72.0,0.14659032153797957,0.1174031794459213
ppo,1,7000000,58.333333333333336,89.54895833333333,0.0,0.0,,0.20586665774978113,0.16781144100142634
ppo,1,7250000,60.416666666666664,92.68463541666667,0.4,0.4,74.0,0.11367078295242121,0.09481692739648262
ppo,1,7500000,62.5,95.88697916666666,0.2,0.2,78.0,0.13252291642506564,0.10738547134025862
ppo,1,7750000,64.58333333333333,99.12265625,0.4,0.4,76.25,0.09355785722691509,0.08058647249477996
ppo,1,8000000,66.66666666666667,102.34166666666667,0.2,0.2,90.5,0.08942685085537111,0.08158223223448677
ppo,1,8250000,68.75,105.49401041666667,0.2,0.2,61.5,0.11794975521392773,0.09878360718224168
ppo,1,8500000,70.83333333333333,108.66302083333333,0.3,0.3,66.66666666666667,0.10251767724519349,0.08484116060129021
ppo,1,8750000,72.91666666666667,111.86536458333333,0.4,0.4,72.5,0.09042952766968217,0.0771640957835312
ppo,1,9000000,75.0,115.134375,0.2,0.2,85.0,0.08359304955129657,0.07427389345590457
ppo,1,9250000,77.08333333333333,118.37005208333333,0.5,0.5,76.6,0.08850339867489886,0.07330048510034035
ppo,1,9500000,79.16666666666667,121.57239583333333,0.5,0.5,71.8,0.0745543307207858,0.06201076749544012
ppo,1,9750000,81.25,124.77473958333333,0.4,0.4,71.25,0.07703159657922395,0.07206584716264641
ppo,1,10000000,83.33333333333333,127.87708333333333,0.4,0.4,77.75,0.02511819093059376,0.02497690771334452
ppo,1,10250000,85.41666666666667,130.91276041666666,0.2,0.2,83.5,0.07417433301241347,0.06431141011092553
ppo,1,10500000,87.5,133.93255208333332,0.1,0.1,73.0,0.10521718537676825,0.09313802432020767
ppo,1,10750000,89.58333333333333,136.91705729166668,0.4,0.4,85.75,0.039174312537743554,0.037367214656336425
ppo,1,11000000,91.66666666666667,139.91979166666667,0.4,0.4,77.0,0.04104388269126662,0.0327544410637093
ppo,1,11250000,93.75,142.93880208333334,0.0,0.0,,0.07873331656481825,0.07468943579068811
ppo,1,11500000,95.83333333333333,145.92447916666666,0.1,0.1,78.0,0.058615636699320815,0.05693889395497019
ppo,1,11750000,97.91666666666667,149.07174479166667,0.2,0.2,90.0,0.09440019582770251,0.07996646184256491
ppo,1,12000000,100.0,151.93958333333333,0.0,0.0,,0.09504980379166149,0.086219947546852
ppo,2,25000,0.20833333333333334,0.2867838541666667,0.0,0.0,,0.22688422811320125,0.22688422811320125
ppo,2,50000,0.4166666666666667,0.590234375,0.0,0.0,,0.22688422811320125,0.22688422811320125
ppo,2,75000,0.625,0.8770182291666667,0.0,0.0,,0.22688181417535486,0.22688181417535486
ppo,2,100000,0.8333333333333334,1.2138020833333334,0.0,0.0,,0.2288197851990895,0.22582467332164388
ppo,2,125000,1.0416666666666667,1.5178385416666667,0.0,0.0,,0.2054329030605838,0.19884346178282175
ppo,2,150000,1.25,1.8333333333333333,0.0,0.0,,0.145044260387507,0.12497803658544623
ppo,2,175000,1.4583333333333333,2.1408203125,0.0,0.0,,0.1820562244968567,0.14088875955719068
ppo,2,200000,1.6666666666666667,2.455208333333333,0.0,0.0,,0.1872196774483919,0.1571262254753898
ppo,2,225000,1.875,2.7810546875,0.1,0.1,79.0,0.20205334044718234,0.1549353082358317
ppo,2,250000,2.0833333333333335,3.085677083333333,0.0,0.0,,0.21327730766886605,0.17745940958483736
ppo,2,275000,2.2916666666666665,3.4046223958333335,0.1,0.1,83.0,0.16840681722818357,0.1472757403431592
ppo,2,300000,2.5,3.724739583333333,0.0,0.0,,0.18486503125576872,0.15511771443871408
ppo,2,325000,2.7083333333333335,4.023046875,0.2,0.2,82.5,0.20366713269378672,0.17419848949019057
ppo,2,350000,2.9166666666666665,4.348307291666667,0.2,0.2,87.5,0.18646351595433516,0.1529948505650063
ppo,2,375000,3.125,4.670182291666666,0.3,0.3,87.0,0.18884932653253528,0.15005832931771484
ppo,2,400000,3.3333333333333335,4.988541666666666,0.4,0.4,89.25,0.2035000120877773,0.1496001128846353
ppo,2,425000,3.5416666666666665,5.317317708333333,0.6,0.6,86.33333333333333,0.1431620685754079,0.11600415756496676
ppo,2,450000,3.75,5.640885416666666,0.5,0.5,84.8,0.1504312020484629,0.11300724057777926
ppo,2,475000,3.9583333333333335,5.964453125,0.3,0.3,82.66666666666667,0.18360581055314995,0.13463702457876503
ppo,2,500000,4.166666666666667,6.2546875,0.3,0.3,93.66666666666667,0.20501487486104372,0.1515469383601624
ppo,2,525000,4.375,6.578255208333333,0.3,0.3,85.33333333333333,0.11734615830504427,0.10103763041536058
ppo,2,550000,4.583333333333333,6.901822916666666,0.5,0.5,86.2,0.09442779711620801,0.073942428347528
ppo,2,575000,4.791666666666667,7.208723958333334,0.5,0.5,86.0,0.0914067976039478,0.0705894571372953
ppo,2,600000,5.0,7.5328125,0.2,0.2,77.0,0.11196823435403151,0.08786986453919565
ppo,2,625000,5.208333333333333,7.839192708333333,0.4,0.4,88.25,0.08691414561546985,0.07392095012363478
ppo,2,650000,5.416666666666667,8.14609375,0.4,0.4,78.5,0.12102863373231831,0.09432004459374199
ppo,2,675000,5.625,8.469661458333333,0.5,0.5,86.8,0.1252124971103937,0.10212781675574337
ppo,2,700000,5.833333333333333,8.7765625,0.4,0.4,92.5,0.12321976912676777,0.09991410850011251
ppo,2,725000,6.041666666666667,9.100065104166667,0.3,0.3,88.33333333333333,0.12659286358696348,0.09803328316811914
ppo,2,750000,6.25,9.40703125,0.1,0.1,66.0,0.268081592137175,0.1850444779362263
ppo,2,775000,6.458333333333333,9.7236328125,0.2,0.2,86.0,0.2075461863048497,0.13811101262451955
ppo,2,800000,6.666666666666667,10.054166666666667,0.4,0.4,73.75,0.13524612336870107,0.09416436911610893
ppo,2,825000,6.875,10.361067708333334,0.3,0.3,64.0,0.1313681829059416,0.08780814209357712
ppo,2,850000,7.083333333333333,10.667317708333334,0.3,0.3,68.33333333333333,0.12438374988534502,0.08799213526002263
ppo,2,875000,7.291666666666667,10.987434895833333,0.3,0.3,72.33333333333333,0.14235820033896177,0.09207428604199697
ppo,2,900000,7.5,11.290885416666667,0.4,0.4,75.5,0.1264297259669383,0.08221194238030421
ppo,2,925000,7.708333333333333,11.622005208333333,0.3,0.3,77.33333333333333,0.03481968715137732,0.0343280076185205
ppo,2,950000,7.916666666666667,11.914453125,0.4,0.4,80.75,0.0925673602230213,0.06713700869491761
ppo,2,975000,8.125,12.217903645833333,0.4,0.4,83.75,0.026137647499676175,0.02612286754010339
ppo,2,1000000,8.333333333333334,12.542708333333334,0.5,0.5,86.0,0.023382998796397998,0.02260945042423767
ppo,2,1025000,8.541666666666666,12.849609375,0.5,0.5,69.4,0.02153193508705591,0.016874226426101556
ppo,2,1050000,8.75,13.173177083333334,0.5,0.5,68.4,0.032396047278453036,0.028788204850905764
ppo,2,1075000,8.958333333333334,13.480078125,0.2,0.2,72.0,0.0881143018635662,0.07070526321033002
ppo,2,1100000,9.166666666666666,13.78515625,0.2,0.2,67.0,0.1214238118913638,0.08389431038638617
ppo,2,1125000,9.375,14.1052734375,0.1,0.1,46.0,0.11666987115637037,0.10765886288777952
ppo,2,1150000,9.583333333333334,14.40078125,0.2,0.2,74.0,0.18345999084264136,0.1339724173503077
ppo,2,1175000,9.791666666666666,14.724348958333334,0.2,0.2,69.0,0.1509051201669338,0.1182190935003764
ppo,2,1200000,10.0,15.03125,0.3,0.3,78.66666666666667,0.17088002263488306,0.12496599974910912
ppo,2,1225000,10.208333333333334,15.3357421875,0.1,0.1,57.0,0.17688985135272856,0.12606002864219287
ppo,2,1250000,10.416666666666666,15.66171875,0.3,0.3,76.66666666666667,0.1603482046710371,0.12496176471926208
ppo,2,1275000,10.625,15.9759765625,0.4,0.4,81.5,0.0943644762622661,0.07830829569670708
ppo,2,1300000,10.833333333333334,16.308854166666666,0.4,0.4,82.25,0.13259757917625764,0.08705309428393149
ppo,2,1325000,11.041666666666666,16.615755208333333,0.2,0.2,63.5,0.10238038546580812,0.09359581005323232
ppo,2,1350000,11.25,16.92265625,0.4,0.4,82.5,0.09651241042929269,0.07987416530148292
ppo,2,1375000,11.458333333333334,17.262890625,0.3,0.3,69.33333333333333,0.07135061108372544,0.06584182358507415
ppo,2,1400000,11.666666666666666,17.586458333333333,0.2,0.2,89.0,0.06417680124131196,0.06363451029015067
ppo,2,1425000,11.875,17.893359375,0.1,0.1,89.0,0.10200883321173677,0.08673785158907674
ppo,2,1450000,12.083333333333334,18.216927083333335,0.1,0.1,96.0,0.07136279635659444,0.07136195715527496
ppo,2,1475000,12.291666666666666,18.520247395833334,0.1,0.1,82.0,0.0654606750060412,0.06534163822532921
ppo,2,1500000,12.5,18.830729166666668,0.4,0.4,90.25,0.058789472447768096,0.058785843943805115
ppo,2,1525000,12.708333333333334,19.143815104166666,0.1,0.1,87.0,0.05831990451084425,0.05831990451084425
ppo,2,1550000,12.916666666666666,19.477864583333332,0.2,0.2,93.0,0.06675788376099698,0.06671966240448764
ppo,2,1575000,13.125,19.801432291666668,0.6,0.6,76.33333333333333,0.03374081531233958,0.02797567151559569
ppo,2,1600000,13.333333333333334,20.104166666666668,0.3,0.3,84.66666666666667,0.05094047688844554,0.04846488479810714
ppo,2,1625000,13.541666666666666,20.431901041666666,0.2,0.2,84.0,0.19979405941538303,0.13219680750882817
ppo,2,1650000,13.75,20.738802083333333,0.2,0.2,83.5,0.19491962589921638,0.12062828594839523
ppo,2,1675000,13.958333333333334,21.045703125,0.0,0.0,,0.12585940103125093,0.10238044843326746
ppo,2,1700000,14.166666666666666,21.369270833333335,0.2,0.2,82.5,0.0836311387673889,0.061049329708434075
ppo,2,1725000,14.375,21.671419270833333,0.1,0.1,89.0,0.15132981717842572,0.11348471090801004
ppo,2,1750000,14.583333333333334,21.974869791666666,0.2,0.2,74.5,0.1761843645269431,0.10943366037329896
ppo,2,1775000,14.791666666666666,22.289973958333334,0.3,0.3,71.0,0.07828521693976283,0.056894973146620106
ppo,2,1800000,15.0,22.581770833333334,0.4,0.4,72.75,0.04191350697596661,0.03431452382382397
ppo,2,1825000,15.208333333333334,22.903776041666667,0.1,0.1,61.0,0.199919715886462,0.13000646921210066
ppo,2,1850000,15.416666666666666,23.205338541666666,0.2,0.2,67.0,0.1587530370433576,0.11324974545082833
ppo,2,1875000,15.625,23.517578125,0.2,0.2,78.5,0.13477286256675067,0.09499231676809143
ppo,2,1900000,15.833333333333334,23.824479166666666,0.3,0.3,75.33333333333333,0.11478740228160919,0.09698132838884281
ppo,2,1925000,16.041666666666668,24.132356770833333,0.4,0.4,76.25,0.07028145359237156,0.05734525437022003
ppo,2,1950000,16.25,24.454947916666665,0.4,0.4,70.75,0.04547236705850415,0.04379543111234612
ppo,2,1975000,16.458333333333332,24.755924479166666,0.4,0.4,69.75,0.11894202720842548,0.09115618717234716
ppo,2,2000000,16.666666666666668,25.066666666666666,0.4,0.4,67.75,0.07402014201300543,0.06346521122506246
ppo,2,2025000,16.875,25.375651041666668,0.4,0.4,65.75,0.08475334264500262,0.0686427860936633
ppo,2,2050000,17.083333333333332,25.665885416666665,0.2,0.2,64.5,0.17788892814008903,0.12788904380571828
ppo,2,2075000,17.291666666666668,25.989453125,0.3,0.3,69.0,0.09089841349915771,0.060675105166775725
ppo,2,2100000,17.5,26.306510416666665,0.5,0.5,75.8,0.06673876768600148,0.04824980475248878
ppo,2,2125000,17.708333333333332,26.616666666666667,0.4,0.4,80.25,0.0879231325638862,0.05823466964597509
ppo,2,2150000,17.916666666666668,26.926822916666666,0.5,0.5,83.8,0.04561046676657584,0.04401437131065341
ppo,2,2175000,18.125,27.217057291666666,0.4,0.4,82.25,0.04152595845856681,0.04057901407017141
ppo,2,2200000,18.333333333333332,27.540625,0.3,0.3,77.66666666666667,0.051995348623883775,0.05117637418076519
ppo,2,2225000,18.541666666666668,27.857096354166668,0.6,0.6,72.33333333333333,0.06466960466339941,0.05670667114307115
ppo,2,2250000,18.75,28.17109375,0.3,0.3,79.66666666666667,0.10872527242437531,0.07405725570556818
ppo,2,2275000,18.958333333333332,28.511328125,0.6,0.6,77.83333333333333,0.031393618291807986,0.029348622772411265
ppo,2,2300000,19.166666666666668,28.8015625,0.3,0.3,63.0,0.03910996066833396,0.034378862479826786
ppo,2,2325000,19.375,29.137565104166665,0.6,0.6,72.83333333333333,0.027836759625746842,0.02156219706425367
ppo,2,2350000,19.583333333333332,29.43203125,0.5,0.5,71.2,0.041188413105935684,0.036485483236836216
ppo,2,2375000,19.791666666666668,29.744466145833332,0.3,0.3,72.33333333333333,0.036525620802167855,0.03325135025395173
ppo,2,2400000,20.0,30.079166666666666,0.6,0.6,75.83333333333333,0.028926331983827568,0.02333983794419425
ppo,2,2425000,20.208333333333332,30.369401041666666,0.1,0.1,55.0,0.06903364886129074,0.04805626218503427
ppo,2,2450000,20.416666666666668,30.7,0.4,0.4,78.0,0.06991671909969144,0.04869820839613871
ppo,2,2475000,20.625,31.008268229166667,0.2,0.2,67.5,0.041268681620300784,0.03461977191492962
ppo,2,2500000,20.833333333333332,31.306770833333335,0.6,0.6,74.0,0.0632924240477538,0.043358966783308604
ppo,2,2525000,21.041666666666668,31.6318359375,0.4,0.4,82.5,0.06360002724223535,0.04977816181100859
ppo,2,2550000,21.25,31.937239583333334,0.4,0.4,78.5,0.06913768514573695,0.060062582771996054
ppo,2,2575000,21.458333333333332,32.244140625,0.4,0.4,83.75,0.04204919874893867,0.04076509092440897
ppo,2,2600000,21.666666666666668,32.575520833333336,0.5,0.5,81.4,0.09346995782970512,0.07857555055597858
ppo,2,2625000,21.875,32.874609375,0.5,0.5,83.4,0.13067133746156198,0.10164809429687502
ppo,2,2650000,22.083333333333332,33.21484375,0.4,0.4,86.5,0.11341526029501056,0.09725975867420031
ppo,2,2675000,22.291666666666668,33.52174479166667,0.5,0.5,83.0,0.048277799073900826,0.044584664061362335
ppo,2,2700000,22.5,33.82864583333333,0.8,0.8,80.625,0.025995141903119762,0.02422286066907573
ppo,2,2725000,22.708333333333332,34.15944010416667,0.6,0.6,86.5,0.026329681479752187,0.025639665810654085
ppo,2,2750000,22.916666666666668,34.45911458333333,0.5,0.5,82.0,0.02668915950001586,0.02277238646738803
ppo,2,2775000,23.125,34.7830078125,0.7,0.7,77.28571428571429,0.04278707085785496,0.03118861254420379
ppo,2,2800000,23.333333333333332,35.08645833333333,0.3,0.3,65.33333333333333,0.08151466418007043,0.06342921885466293
ppo,2,2825000,23.541666666666668,35.379817708333334,0.4,0.4,73.5,0.04858106479840676,0.02698138572619797
ppo,2,2850000,23.75,35.70338541666667,0.5,0.5,70.4,0.06724507740655081,0.04561827099284213
ppo,2,2875000,23.958333333333332,35.99680989583333,0.4,0.4,80.0,0.046128076198318886,0.03629705574627656
ppo,2,2900000,24.166666666666668,36.333333333333336,0.5,0.5,75.8,0.04355038630814194,0.0256809170395933
ppo,2,2925000,24.375,36.624088541666666,0.4,0.4,78.75,0.03807987107421282,0.023747729105696183
ppo,2,2950000,24.583333333333332,36.930989583333336,0.4,0.4,67.5,0.07267675358841925,0.0475399771942062
ppo,2,2975000,24.791666666666668,37.27122395833333,0.2,0.2,59.5,0.08515515623067249,0.057260601253128096
ppo,2,3000000,25.0,37.580729166666664,0.5,0.5,75.8,0.04469484615748813,0.02528655692899237
ppo,2,3250000,27.083333333333332,40.665234375,0.3,0.3,77.33333333333333,0.0952872942353709,0.0829599299679339
ppo,2,3500000,29.166666666666668,43.7828125,0.5,0.5,86.6,0.04360039385702999,0.04124089984545688
ppo,2,3750000,31.25,46.88515625,0.5,0.5,84.4,0.09799714873134968,0.08129281257391918
ppo,2,4000000,33.333333333333336,50.00416666666667,0.7,0.7,75.14285714285714,0.029943743076804995,0.02650852993179517
ppo,2,4250000,35.416666666666664,53.20651041666667,0.4,0.4,70.0,0.051677416546789666,0.042831010290921005
ppo,2,4500000,37.5,56.30442708333333,0.0,0.0,,0.11435098838105862,0.09957185569911185
ppo,2,4750000,39.583333333333336,59.44453125,0.4,0.4,73.25,0.037078869344398115,0.031798582343574563
ppo,2,5000000,41.666666666666664,62.55677083333333,0.5,0.5,62.8,0.03309309246537624,0.030734582610252976
ppo,2,5250000,43.75,65.69127604166667,0.4,0.4,77.5,0.0997937204493085,0.06977973172845083
ppo,2,5500000,45.833333333333336,68.78489583333334,0.2,0.2,67.0,0.060205839499669914,0.05850387519644059
ppo,2,5750000,47.916666666666664,71.90390625,0.2,0.2,87.5,0.09366156390334097,0.06883945964094802
ppo,2,6000000,50.0,75.13958333333333,0.6,0.6,79.16666666666667,0.02776628688142036,0.022850330373920345
ppo,2,6250000,52.083333333333336,78.29596354166667,0.3,0.3,85.33333333333333,0.09840860998523296,0.08347042478105958
ppo,2,6500000,54.166666666666664,81.43046875,0.3,0.3,76.0,0.07156914795889457,0.06629838411770986
ppo,2,6750000,56.25,84.57994791666667,0.1,0.1,53.0,0.10396738563804828,0.09066423279002492
ppo,2,7000000,58.333333333333336,87.74895833333333,0.2,0.2,71.0,0.10716714163821442,0.0661525949689353
ppo,2,7250000,60.416666666666664,90.83463541666667,0.2,0.2,58.0,0.06523595765361061,0.06029770343011143
ppo,2,7500000,62.5,93.93697916666666,0.3,0.3,68.33333333333333,0.054597110516420654,0.04311151084986952
ppo,2,7750000,64.58333333333333,97.036328125,0.0,0.0,,0.13870364019955878,0.11228233045323432
ppo,2,8000000,66.66666666666667,100.25833333333334,0.1,0.1,56.0,0.038989932925929296,0.03536779000365573
ppo,2,8250000,68.75,103.37200520833333,0.4,0.4,67.0,0.03536139946690302,0.027245536821778688
ppo,2,8500000,70.83333333333333,106.45651041666666,0.1,0.1,53.0,0.06084686728597377,0.0569025865570171
ppo,2,8750000,72.91666666666667,109.56536458333333,0.4,0.4,69.0,0.06995078790294222,0.06207386312773342
ppo,2,9000000,75.0,112.734375,0.5,0.5,70.8,0.05972859720686009,0.038159462287110195
ppo,2,9250000,77.08333333333333,115.88333333333334,0.3,0.3,73.66666666666667,0.057815966269612606,0.04701149870759018
ppo,2,9500000,79.16666666666667,119.05572916666667,0.4,0.4,72.5,0.037079962705890666,0.03230660210776013
ppo,2,9750000,81.25,122.17473958333333,0.5,0.5,78.2,0.06634674391744444,0.05972248050046349
ppo,2,10000000,83.33333333333333,125.34375,0.2,0.2,75.5,0.06468061338642592,0.04928519305471292
ppo,2,10250000,85.41666666666667,128.398046875,0.2,0.2,75.0,0.08164298332704213,0.07425859606278132
ppo,2,10500000,87.5,131.3984375,0.1,0.1,73.0,0.08736813265465991,0.08364573060653509
ppo,2,10750000,89.58333333333333,134.33372395833334,0.2,0.2,57.0,0.06006919127675144,0.056023826163852694
ppo,2,11000000,91.66666666666667,137.23645833333333,0.2,0.2,56.5,0.08048368130439842,0.06911262514045102
ppo,2,11250000,93.75,140.18880208333334,0.2,0.2,75.0,0.059619425198672596,0.04270379565694345
ppo,2,11500000,95.83333333333333,143.15390625,0.1,0.1,77.0,0.06974697149518629,0.052431684142068245
ppo,2,11750000,97.91666666666667,146.06015625,0.4,0.4,84.25,0.032999335524083004,0.03235928917123432
ppo,2,12000000,100.0,149.1625,0.2,0.2,92.5,0.053356747432709226,0.05268882175187378
